"High Temp","Low Temp","Day Average Temp","Precipitation","Dew Point (Â°F)","Humidity","date","city"
44,26,35.46,0,13.67,41.83333333,2020-03-01,"new york city"
56,38,48.17,0,30.46,51.125,2020-03-02,"new york city"
58,48,52.41,0.01,44.59,75.47058824,2020-03-03,"new york city"
57,46,50.52,0.28,28.52,44.76,2020-03-04,"new york city"
52,40,44.75,0,25.38,48.5,2020-03-05,"new york city"
45,37,41.62,0,34.03,74.74358974,2020-03-06,"new york city"
47,37,41,0.14,16.46,42.125,2020-03-07,"new york city"
60,37,47.83,0,14.65,27.65217391,2020-03-08,"new york city"
72,47,59.29,0,22.83,25.75,2020-03-09,"new york city"
66,55,61,0,40.17,46.83333333,2020-03-10,"new york city"
56,44,50.42,0,28.54,44.58333333,2020-03-11,"new york city"
48,42,44.69,0,36.15,72.53846154,2020-03-12,"new york city"
70,43,54.57,0.17,41.29,70.28571429,2020-03-13,"new york city"
55,45,48.92,0.12,21.67,34.45833333,2020-03-14,"new york city"
53,42,46.75,0,19.33,34.875,2020-03-15,"new york city"
43,34,39.27,0,20.81,48.84615385,2020-03-16,"new york city"
55,41,47.47,0.08,38.32,71.58823529,2020-03-17,"new york city"
53,44,47.63,0.07,26.79,44.66666667,2020-03-18,"new york city"
52,42,46.21,1,40.07,79.44827586,2020-03-19,"new york city"
77,47,55.95,0.02,47,74.84615385,2020-03-20,"new york city"
67,42,48.46,0,22.67,37.95833333,2020-03-21,"new york city"
43,35,38.38,0,15.17,39.79166667,2020-03-22,"new york city"
42,37,39.16,0,33.48,80.8,2020-03-23,"new york city"
53,37,44.04,1.44,32.04,64.11111111,2020-03-24,"new york city"
45,41,42.8,0,33.97,70.96666667,2020-03-25,"new york city"
58,39,47,0.01,32.17,57.58333333,2020-03-26,"new york city"
67,51,57.46,0,34.75,47.33333333,2020-03-27,"new york city"
51,45,46.35,0,38.16,74.90322581,2020-03-28,"new york city"
47,45,45.46,0.42,43.16,91.81081081,2020-03-29,"new york city"
49,42,45.74,0.01,40.09,80.71428571,2020-03-30,"new york city"
48,41,44.06,0.14,35.68,73,2020-03-31,"new york city"
55,39,45.55,0,28.31,53.17241379,2020-04-01,"new york city"
58,40,49.17,0,27.96,44.75,2020-04-02,"new york city"
52,46,49.58,0,38.17,65.16666667,2020-04-03,"new york city"
60,46,50.89,0.08,40.11,67.46428571,2020-04-04,"new york city"
62,47,52.83,0,43.33,71.08333333,2020-04-05,"new york city"
66,48,55.75,0.06,32.96,47.375,2020-04-06,"new york city"
65,54,57.44,0,29.92,36.92,2020-04-07,"new york city"
62,49,53.69,0.23,45.53,74.875,2020-04-08,"new york city"
58,48,52.75,0,41.38,67.84375,2020-04-09,"new york city"
49,40,44.23,0.27,26.42,50.84615385,2020-04-10,"new york city"
55,40,47.83,0,18.79,32.70833333,2020-04-11,"new york city"
61,44,53.38,0,33.96,49.375,2020-04-12,"new york city"
68,53,58.39,0.61,53.09,83.59090909,2020-04-13,"new york city"
59,48,52.54,1.11,29.92,43.125,2020-04-14,"new york city"
52,43,47.96,0,21.65,38.80769231,2020-04-15,"new york city"
48,40,45.65,0,19.52,36.82608696,2020-04-16,"new york city"
50,39,43.88,0,22.04,44.75,2020-04-17,"new york city"
47,42,44.28,0.18,36.86,76.51162791,2020-04-18,"new york city"
61,42,52.67,0.08,27.42,38.625,2020-04-19,"new york city"
57,50,52.71,0,29.83,42.66666667,2020-04-20,"new york city"
58,41,50.81,0,38.23,63.06451613,2020-04-21,"new york city"
51,38,44.25,0.33,15.46,32.41666667,2020-04-22,"new york city"
49,42,45.08,0,21.35,39.46153846,2020-04-23,"new york city"
50,43,47,0.41,42.52,84.54761905,2020-04-24,"new york city"
63,44,53.19,0.2,37,58.46153846,2020-04-25,"new york city"
50,44,47.58,0,41.61,80.41666667,2020-04-26,"new york city"
49,41,45.03,0.07,36,71.25806452,2020-04-27,"new york city"
65,44,52.33,0,33.96,53.08333333,2020-04-28,"new york city"
57,46,50.03,0,42.74,76.58064516,2020-04-29,"new york city"
62,49,55.24,0.23,50.29,83.73684211,2020-04-30,"new york city"
66,55,58.14,0.73,52,81.05555556,2020-05-01,"new york city"
72,53,63.58,0.14,36.33,38.66666667,2020-05-02,"new york city"
80,55,68.71,0.03,46.63,48.70833333,2020-05-03,"new york city"
71,51,62.5,0,38.75,NA,2020-05-04,"new york city"
63,47,54.71,0,23.83,33.625,2020-05-05,"new york city"
52,47,49.41,0,39.26,NA,2020-05-06,"new york city"
67,49,57.79,0.03,27.96,37.375,2020-05-07,"new york city"
58,44,48.79,0,33.9,59.86206897,2020-05-08,"new york city"
48,36,41.37,0.41,24.1,53.2,2020-05-09,"new york city"
65,42,53.67,0,22.71,31.375,2020-05-10,"new york city"
59,47,53.72,0,38.44,57,2020-05-11,"new york city"
59,45,52.04,0.1,24.29,37.66666667,2020-05-12,"new york city"
63,43,52.21,0,27.54,40.91666667,2020-05-13,"new york city"
65,49,58.63,0,36.83,47.125,2020-05-14,"new york city"
85,59,73.42,0.01,55.13,55.04166667,2020-05-15,"new york city"
76,63,69.5,0.03,50.67,52.95833333,2020-05-16,"new york city"
68,55,59.48,0,43.44,56.68,2020-05-17,"new york city"
66,55,59.33,0,46.5,63.08333333,2020-05-18,"new york city"
68,55,60.17,0,36.33,43.83333333,2020-05-19,"new york city"
64,51,56.46,0,34.21,44.41666667,2020-05-20,"new york city"
66,48,55.65,0,43.08,63.69230769,2020-05-21,"new york city"
76,56,65.67,0,56.4,73.36666667,2020-05-22,"new york city"
66,57,62.12,0.01,57.98,86.8627451,2020-05-23,"new york city"
68,52,59.54,0.33,46.5,62.28571429,2020-05-24,"new york city"
66,56,59.89,0.01,53.89,81.02777778,2020-05-25,"new york city"
76,58,63.34,0,56.82,80.44736842,2020-05-26,"new york city"
78,60,65.5,0,59,80.55263158,2020-05-27,"new york city"
76,63,68.05,0,63.16,84.43181818,2020-05-28,"new york city"
81,65,71.37,0,64.18,78.81578947,2020-05-29,"new york city"
83,66,73.7,0.01,53.74,NA,2020-05-30,"new york city"
70,59,64.46,0,36.92,37,2020-05-31,"new york city"
72,54,62.83,0,35.17,36.625,2020-06-01,"new york city"
75,63,69.5,0,40.71,35.54166667,2020-06-02,"new york city"
82,63,72.44,0.07,59.78,65.7037037,2020-06-03,"new york city"
88,69,77.29,0.12,59.75,57,2020-06-04,"new york city"
82,69,74.21,0.31,66.25,76.64285714,2020-06-05,"new york city"
89,70,78.16,0.11,61.88,62,2020-06-06,"new york city"
77,65,71.4,0.1,45.32,40.32,2020-06-07,"new york city"
80,64,71.96,0,44.92,39.04166667,2020-06-08,"new york city"
91,69,81.2,0,52.12,37,2020-06-09,"new york city"
84,69,75.46,0,61.96,63.30769231,2020-06-10,"new york city"
81,70,74,0,65.94,76.15151515,2020-06-11,"new york city"
86,70,78.71,0.05,52.29,44.16666667,2020-06-12,"new york city"
76,62,68.67,0,42.54,39.70833333,2020-06-13,"new york city"
75,55,65,0,42.13,43.875,2020-06-14,"new york city"
76,62,67.88,0,48.67,51.79166667,2020-06-15,"new york city"
79,63,70.63,0,49.21,49,2020-06-16,"new york city"
78,63,69.72,0,57.34,66.10344828,2020-06-17,"new york city"
77,66,69.81,0,62.97,NA,2020-06-18,"new york city"
85,68,73.56,0,62.66,70.65625,2020-06-19,"new york city"
87,73,78.79,0,63.38,59.70833333,2020-06-20,"new york city"
88,74,79.58,0,63.42,58.70833333,2020-06-21,"new york city"
93,76,82.63,0,63.83,54.45833333,2020-06-22,"new york city"
87,76,80.75,0,65.67,60.79166667,2020-06-23,"new york city"
88,76,81.88,0,58.24,48.12,2020-06-24,"new york city"
88,74,80.17,0,52.54,39.29166667,2020-06-25,"new york city"
89,73,81.08,0,53.79,42,2020-06-26,"new york city"
82,76,79.58,0,62.21,56.20833333,2020-06-27,"new york city"
91,73,81.81,0.25,66.54,61.34615385,2020-06-28,"new york city"
89,73,78.48,0.02,62.96,60.66666667,2020-06-29,"new york city"
79,70,73.86,0.07,61.83,66.34482759,2020-06-30,"new york city"
83,69,75.85,0,62.85,65.29268293,2020-07-01,"new york city"
94,70,81.96,0,61.13,51.79166667,2020-07-02,"new york city"
92,72,79.79,0,66.66,66.15789474,2020-07-03,"new york city"
86,70,75.06,0.36,63.94,69.64516129,2020-07-04,"new york city"
95,74,82.46,0,64,56.84615385,2020-07-05,"new york city"
95,74,82.33,0,63.42,56.27272727,2020-07-06,"new york city"
81,73,76.03,0.05,67.53,75.05,2020-07-07,"new york city"
87,78,81.63,0,69.57,67.37142857,2020-07-08,"new york city"
90,78,83.17,0.01,67.96,61.625,2020-07-09,"new york city"
79,73,75.75,0,71.26,86.03278689,2020-07-10,"new york city"
87,75,80.49,2.47,70.84,72.89189189,2020-07-11,"new york city"
92,76,83.33,0.04,61.25,49.08333333,2020-07-12,"new york city"
89,76,82.92,0.05,60.71,48.5,2020-07-13,"new york city"
87,74,80.32,0,59.24,49.64,2020-07-14,"new york city"
82,72,75.45,0,63.55,66.87878788,2020-07-15,"new york city"
79,71,74.37,0,59.13,59.16666667,2020-07-16,"new york city"
86,71,77.56,0.02,67.07,70.59259259,2020-07-17,"new york city"
94,74,82.65,0.02,64.46,58.73076923,2020-07-18,"new york city"
96,80,87.72,0,67.44,51.84,2020-07-19,"new york city"
95,84,89.42,0,67.83,50.5,2020-07-20,"new york city"
93,79,86,0,62.42,45.91666667,2020-07-21,"new york city"
94,75,82.42,0.05,70.65,68.48387097,2020-07-22,"new york city"
91,76,82.63,0.79,69.92,66.25,2020-07-23,"new york city"
83,75,77.67,0.05,68.77,74.36666667,2020-07-24,"new york city"
91,74,83,0.26,68.2,63,2020-07-25,"new york city"
95,80,88.13,0,63.5,47.29166667,2020-07-26,"new york city"
97,82,90.21,0,62.42,40.04166667,2020-07-27,"new york city"
96,84,88.48,0,67.16,49.64,2020-07-28,"new york city"
90,79,84.46,0,67.38,56.70833333,2020-07-29,"new york city"
95,81,86.79,0,61.63,43.83333333,2020-07-30,"new york city"
84,72,76.77,0.57,66.84,72.35483871,2020-07-31,"new york city"
89,74,81.42,0,64.88,58.91666667,2020-08-01,"new york city"
90,77,83.71,0,72.61,69.5,2020-08-02,"new york city"
92,74,83.53,0,65.03,55.40625,2020-08-03,"new york city"
82,74,78.08,0.53,69.35,75.25,2020-08-04,"new york city"
89,77,82.76,0.27,62.24,52.16,2020-08-05,"new york city"
82,74,77.67,0,60.25,55.58333333,2020-08-06,"new york city"
79,71,74.94,0.22,64.87,71.32258065,2020-08-07,"new york city"
85,72,76.64,0.22,66.75,72.03571429,2020-08-08,"new york city"
88,75,80.96,0,68,65.79166667,2020-08-09,"new york city"
94,79,85.38,0,69.46,60.41666667,2020-08-10,"new york city"
88,80,83.72,0,71.64,67.52,2020-08-11,"new york city"
90,78,82.59,0,72.46,71.79487179,2020-08-12,"new york city"
82,76,77.78,1.49,69.07,74.88888889,2020-08-13,"new york city"
88,74,79.88,0.11,66.25,64.70833333,2020-08-14,"new york city"
85,74,77.52,0,59.72,54.8,2020-08-15,"new york city"
73,69,70.62,0.03,62.59,75.55172414,2020-08-16,"new york city"
82,69,72.81,0.1,61.65,68.64516129,2020-08-17,"new york city"
85,67,76.27,0.97,59.85,59.38461538,2020-08-18,"new york city"
78,70,72.48,0.01,61.86,69.51724138,2020-08-19,"new york city"
83,68,74.42,0.13,53.29,49.625,2020-08-20,"new york city"
87,72,79.08,0,62.08,56.66666667,2020-08-21,"new york city"
91,77,83.48,0,65.7,56.03703704,2020-08-22,"new york city"
86,77,81.46,0,68.04,63.95833333,2020-08-23,"new york city"
93,78,84.96,0,67.08,56.64,2020-08-24,"new york city"
92,71,82.77,0,63.87,53.63333333,2020-08-25,"new york city"
79,70,74.92,0.36,51.83,45.125,2020-08-26,"new york city"
94,72,80.79,0.05,63.28,56.13793103,2020-08-27,"new york city"
89,76,80.04,0.38,64.79,60.79166667,2020-08-28,"new york city"
83,75,78.04,0.02,69.54,75.39285714,2020-08-29,"new york city"
81,71,75.29,0.01,53.83,47.75,2020-08-30,"new york city"
76,67,72.08,0,55.88,57.07692308,2020-08-31,"new york city"
80,68,72.53,0.18,62.97,72.64705882,2020-09-01,"new york city"
81,70,74.85,0,68.85,81.76923077,2020-09-02,"new york city"
88,75,78.57,0.04,66,68.65714286,2020-09-03,"new york city"
87,74,79.29,1.16,61.17,56.70833333,2020-09-04,"new york city"
81,69,74.63,0,49,42.125,2020-09-05,"new york city"
84,70,76.28,0,55.8,49.68,2020-09-06,"new york city"
80,71,75.13,0,60.17,60.25,2020-09-07,"new york city"
84,71,76,0,63.68,66.44,2020-09-08,"new york city"
80,72,75.65,0,66.71,73.93548387,2020-09-09,"new york city"
85,75,77.27,0.53,71.5,82.59090909,2020-09-10,"new york city"
78,68,74.24,0.96,60.6,63.52,2020-09-11,"new york city"
73,63,67.3,0,53.63,62.11111111,2020-09-12,"new york city"
77,64,71.24,0,60.03,68.03448276,2020-09-13,"new york city"
77,64,72.79,0,54.13,53.16666667,2020-09-14,"new york city"
67,55,61.38,0,43.04,51.16666667,2020-09-15,"new york city"
72,60,66.96,0,51.38,57.54166667,2020-09-16,"new york city"
77,67,71.84,0,60.52,67.96,2020-09-17,"new york city"
72,59,66.53,0,51.1,59.2,2020-09-18,"new york city"
65,51,58.33,0,30.21,35.41666667,2020-09-19,"new york city"
64,52,58.67,0,31.67,36.95833333,2020-09-20,"new york city"
65,52,59.5,0,34.71,40.45833333,2020-09-21,"new york city"
74,55,63.7,0,37.35,39.2173913,2020-09-22,"new york city"
80,62,71.5,0,48.04,43.58333333,2020-09-23,"new york city"
77,66,72.13,0,52.04,50,2020-09-24,"new york city"
80,65,70.52,0,58.6,66.96,2020-09-25,"new york city"
77,67,71.53,0,61.73,71.9,2020-09-26,"new york city"
78,70,73.39,0,65.67,77.21212121,2020-09-27,"new york city"
78,71,72.87,0.04,65.58,78.25806452,2020-09-28,"new york city"
74,69,72.11,0,67.16,84.24444444,2020-09-29,"new york city"
73,63,67.69,1.19,54.59,65.84375,2020-09-30,"new york city"
74,62,67.76,0,48.28,51.08,2020-10-01,"new york city"
67,58,62.42,0.02,44.83,53.91666667,2020-10-02,"new york city"
68,55,61.5,0.01,41.21,48.66666667,2020-10-03,"new york city"
67,53,60.71,0,45.46,57.91666667,2020-10-04,"new york city"
68,56,62.54,0,49.63,63.29166667,2020-10-05,"new york city"
70,59,64.83,0,48.46,57.70833333,2020-10-06,"new york city"
77,62,67.63,0,49.63,54.20833333,2020-10-07,"new york city"
64,57,60.33,0.02,39.67,46.79166667,2020-10-08,"new york city"
70,55,62.63,0,40.63,44.875,2020-10-09,"new york city"
73,60,66.88,0,53.58,62.54166667,2020-10-10,"new york city"
69,61,65.58,0,52.25,62.5,2020-10-11,"new york city"
59,52,54.83,0.19,50.36,84.95238095,2020-10-12,"new york city"
61,55,57.83,0.9,53.8,86.6,2020-10-13,"new york city"
71,55,62.21,0.13,43.13,51.29166667,2020-10-14,"new york city"
73,58,65.21,0,53.17,65.5,2020-10-15,"new york city"
66,51,58.42,0,52.52,81.03030303,2020-10-16,"new york city"
61,49,54.54,1.46,34.13,49.54166667,2020-10-17,"new york city"
64,50,57.08,0,42.58,59.45833333,2020-10-18,"new york city"
67,54,60.5,0,50.35,69.96153846,2020-10-19,"new york city"
72,60,64.31,0.01,59.02,83,2020-10-20,"new york city"
71,62,65.26,0,61.18,86.86,2020-10-21,"new york city"
69,65,66.88,0,62.3,85.15151515,2020-10-22,"new york city"
70,64,65.7,0,60.42,83.275,2020-10-23,"new york city"
70,52,63.89,0,53.46,69.5,2020-10-24,"new york city"
54,47,50.68,0,35.8,57.28,2020-10-25,"new york city"
59,53,56.24,0.02,52.34,86.94736842,2020-10-26,"new york city"
60,54,57.32,0.03,49.53,76.73529412,2020-10-27,"new york city"
59,53,55.42,0.05,49.11,80.08333333,2020-10-28,"new york city"
58,47,51.81,0.11,46.62,83,2020-10-29,"new york city"
47,39,41.76,1.99,36.62,82.11764706,2020-10-30,"new york city"
47,35,41.79,0.22,28,59.54166667,2020-10-31,"new york city"
56,45,51.9,0,40.52,66.31034483,2020-11-01,"new york city"
46,40,43.33,0.43,21.5,42.75,2020-11-02,"new york city"
55,42,48.67,0,27.08,43.5,2020-11-03,"new york city"
63,42,53.25,0,36.58,53.875,2020-11-04,"new york city"
70,52,59.5,0,49.17,70.29166667,2020-11-05,"new york city"
72,57,63.25,0,47.38,57.95833333,2020-11-06,"new york city"
76,57,66.62,0,42.95,43.85714286,2020-11-07,"new york city"
77,61,68.36,0,49,54.21428571,2020-11-09,"new york city"
75,59,66.46,0,56.13,69.95833333,2020-11-10,"new york city"
70,62,66.17,0,61.73,85.625,2020-11-11,"new york city"
69,48,58.72,0.77,52.26,79.38461538,2020-11-12,"new york city"
52,48,49.76,0.18,44.53,82.55263158,2020-11-13,"new york city"
53,45,49.83,0.12,30.17,47.45833333,2020-11-14,"new york city"
64,42,54.37,0,41.7,62.73333333,2020-11-15,"new york city"
56,49,52.21,0.13,26,36.54166667,2020-11-16,"new york city"
50,39,46.17,0,24.83,44,2020-11-17,"new york city"
38,33,35.67,0,16.75,46.5,2020-11-18,"new york city"
50,33,42,0,20.88,43.5,2020-11-19,"new york city"
64,47,54.88,0,32.5,NA,2020-11-20,"new york city"
65,51,58,0,35.38,43.16666667,2020-11-21,"new york city"
60,46,51.22,0,40.26,66.77777778,2020-11-22,"new york city"
61,45,54.24,0.5,43.21,67.51515152,2020-11-23,"new york city"
50,44,46.71,0.18,26.63,46.04166667,2020-11-24,"new york city"
55,46,51.46,0,35.42,NA,2020-11-25,"new york city"
66,54,60.36,0.67,50.64,71.48,2020-11-26,"new york city"
63,53,57.71,0.21,42.46,57.45833333,2020-11-27,"new york city"
57,47,52.04,0,34.5,51.70833333,2020-11-28,"new york city"
56,42,49.79,0,26.13,40.95833333,2020-11-29,"new york city"
65,49,59.56,0,52.5,77.85294118,2020-11-30,"new york city"
60,40,51.14,1.23,39.07,65,2020-12-01,"new york city"
45,39,41.83,0,25.17,51.79166667,2020-12-02,"new york city"
51,38,45.35,0,21.74,40.91304348,2020-12-03,"new york city"
53,47,49.07,0,35.32,60.89285714,2020-12-04,"new york city"
48,41,45.07,0.76,35.83,71.24137931,2020-12-05,"new york city"
42,36,39.33,0.38,21.75,49.54166667,2020-12-06,"new york city"
42,34,37.29,0,20.08,50.29166667,2020-12-07,"new york city"
38,32,34.56,0,20.48,56.68,2020-12-08,"new york city"
40,34,36.79,0,24.71,62.42857143,2020-12-09,"new york city"
50,39,45.13,0.02,30.42,56.83333333,2020-12-10,"new york city"
55,40,48.21,0,36.29,63.625,2020-12-11,"new york city"
56,44,50.74,0,46.38,84.94117647,2020-12-12,"new york city"
62,49,54.87,0,41.43,62,2020-12-13,"new york city"
47,39,41.38,0,30.86,67.10344828,2020-12-14,"new york city"
41,32,36.92,0.23,17,44.625,2020-12-15,"new york city"
33,28,30.76,0,20.19,67.45945946,2020-12-16,"new york city"
34,26,30.09,0.65,23.77,78.2,2020-12-17,"new york city"
33,27,29.83,0.04,15.54,56,2020-12-18,"new york city"
34,25,29.83,0,15.33,55.33333333,2020-12-19,"new york city"
40,33,36.45,0,26.87,69.58064516,2020-12-20,"new york city"
48,38,42,0.01,32.58,70,2020-12-21,"new york city"
47,40,43.44,0,29.16,58.88,2020-12-22,"new york city"
45,39,41.88,0,24.21,50.20833333,2020-12-23,"new york city"
62,43,55.3,0,47.3,74.77777778,2020-12-24,"new york city"
63,32,51.12,0.69,43.26,75.17647059,2020-12-25,"new york city"
34,26,29.75,0.22,11.54,46.95833333,2020-12-26,"new york city"
40,27,33.33,0,16.04,49.79166667,2020-12-27,"new york city"
51,37,45.56,0,30.44,56.16,2020-12-28,"new york city"
44,33,38.63,0,16.92,41.83333333,2020-12-29,"new york city"
45,31,37.76,0,18.64,46.8,2020-12-30,"new york city"
50,38,45.21,0.1,33.76,64.86206897,2020-12-31,"new york city"
41,35,37.96,0.43,28.04,68.35714286,2021-01-01,"new york city"
52,38,43.33,0.72,34.36,72.27272727,2021-01-02,"new york city"
39,36,38,0,31.32,77.16129032,2021-01-03,"new york city"
44,37,39.79,0.17,31.31,71.86206897,2021-01-04,"new york city"
42,39,40.28,0,28.72,63.55172414,2021-01-05,"new york city"
42,37,38.85,0,26.7,62.25925926,2021-01-06,"new york city"
43,33,37.13,0,21.25,53.20833333,2021-01-07,"new york city"
39,31,33.88,0,19.92,56.75,2021-01-08,"new york city"
37,28,33.46,0,15.58,48.41666667,2021-01-09,"new york city"
43,32,36.17,0,19.33,50.875,2021-01-10,"new york city"
38,31,34.33,0,21.79,60.41666667,2021-01-11,"new york city"
45,36,39.42,0,23.83,54.25,2021-01-12,"new york city"
44,37,40.83,0,23.58,50.58333333,2021-01-13,"new york city"
50,40,44.13,0,30.83,60.08333333,2021-01-14,"new york city"
47,38,42.55,0,36.29,78.44736842,2021-01-15,"new york city"
48,40,43.92,1.15,35.95,74.45945946,2021-01-16,"new york city"
46,38,42.38,0,23.5,47.75,2021-01-17,"new york city"
46,40,42.88,0,25.42,50.33333333,2021-01-18,"new york city"
43,38,40.25,0,21.42,NA,2021-01-19,"new york city"
41,29,36.37,0,19.6,52.63333333,2021-01-20,"new york city"
45,28,36.42,0.02,16.96,45.58333333,2021-01-21,"new york city"
46,38,43,0,20.75,41.625,2021-01-22,"new york city"
37,27,31.58,0,9.67,40.33333333,2021-01-23,"new york city"
34,24,29.2,0,7.52,40.8,2021-01-24,"new york city"
39,26,32.38,0,11.46,42.41666667,2021-01-25,"new york city"
36,33,34.43,0,24.94,70.2,2021-01-26,"new york city"
38,33,36.21,0.07,26,67.57142857,2021-01-27,"new york city"
35,23,30.29,0,12,47.25,2021-01-28,"new york city"
27,18,22.5,0,4.04,45.29166667,2021-01-29,"new york city"
34,20,26.04,0,6.21,44.08333333,2021-01-30,"new york city"
40,21,24.15,0,11.85,60.55555556,2021-01-31,"new york city"
34,26,30.74,0.19,27.63,88.14285714,2021-02-01,"new york city"
35,30,32.52,0.75,27.06,80.48387097,2021-02-02,"new york city"
38,30,33.42,0.02,22.31,64.26923077,2021-02-03,"new york city"
43,33,37.75,0,20.92,51.04166667,2021-02-04,"new york city"
48,37,41.96,0,29.19,61.2962963,2021-02-05,"new york city"
45,34,40.25,0.06,14.67,35.95833333,2021-02-06,"new york city"
38,28,33.32,0,26.76,78.07894737,2021-02-07,"new york city"
31,19,25.38,0.39,7.79,48.04166667,2021-02-08,"new york city"
33,26,30.63,0,23.53,75,2021-02-09,"new york city"
36,27,30.8,0.01,16.97,58.23333333,2021-02-10,"new york city"
33,26,28.86,0.1,19.14,68.66666667,2021-02-11,"new york city"
30,22,26.83,0,4.13,39.20833333,2021-02-12,"new york city"
31,26,28.64,0,9.18,44.53571429,2021-02-13,"new york city"
38,28,32.56,0,23.66,70.09375,2021-02-14,"new york city"
34,32,33.67,0,28.11,80.74074074,2021-02-15,"new york city"
53,34,40.21,0.83,33.42,79.18421053,2021-02-16,"new york city"
33,24,29.67,0.03,7.29,39.75,2021-02-17,"new york city"
29,25,27.5,0,19.35,74,2021-02-18,"new york city"
34,28,31.44,0.34,26.9,83.09756098,2021-02-19,"new york city"
36,28,32.12,0.08,17.76,56.4,2021-02-20,"new york city"
38,26,31.83,0,13.46,47.95833333,2021-02-21,"new york city"
40,33,35.69,0,27.54,73.94285714,2021-02-22,"new york city"
46,38,41.58,0.56,28.46,60,2021-02-23,"new york city"
53,42,47.16,0.01,29.32,50.48,2021-02-24,"new york city"
52,41,45.38,0,20.42,37.79166667,2021-02-25,"new york city"
46,35,40.21,0,17.92,41.54166667,2021-02-26,"new york city"
52,37,44.14,0.06,38.27,80.45945946,2021-02-27,"new york city"
45,39,41.58,0.41,35.52,79.48387097,2021-02-28,"new york city"
48,33,42.68,0.42,32.19,70.16129032,2021-03-01,"new york city"
34,23,29.46,0.02,3.46,33.625,2021-03-02,"new york city"
52,33,43.04,0,17.08,36.0833333333333,2021-03-03,"new york city"
44,28,39.08,0,19.17,45.4166666666666,2021-03-04,"new york city"
38,25,31.88,0,5.21,34.0416666666666,2021-03-05,"new york city"
35,30,32.54,0,12.29,43.375,2021-03-06,"new york city"
41,30,34.5,0,12.75,41.2083333333333,2021-03-07,"new york city"
44,28,36.54,0,9.38,33.5,2021-03-08,"new york city"
61,43,51.29,0,20.42,30.4583333333333,2021-03-09,"new york city"
54,39,46.56,0,33.41,61.2592592592592,2021-03-10,"new york city"
67,44,53.71,0,40.94,66.6774193548387,2021-03-11,"new york city"
67,53,61.04,0,28.46,32.5,2021-03-12,"new york city"
50,34,43.42,0,9.46,25.9583333333333,2021-03-13,"new york city"
51,33,44.26,0,14.22,30.1304347826086,2021-03-14,"new york city"
39,25,31.96,0,0.58,27.4583333333333,2021-03-15,"new york city"
36,29,33.19,0,11.67,43.3703703703703,2021-03-16,"new york city"
47,34,40.19,0,31.27,70.7307692307692,2021-03-17,"new york city"
46,42,43.97,0,39.32,83.8648648648648,2021-03-18,"new york city"
43,32,37.8,0.65,12.32,37.84,2021-03-19,"new york city"
59,35,45.08,0,17.13,34.3333333333333,2021-03-20,"new york city"
61,38,49.13,0,25.25,44.75,2021-03-21,"new york city"
56,39,47.33,0,32.67,60.5,2021-03-22,"new york city"
58,42,47.65,0,40.16,76.4193548387096,2021-03-23,"new york city"
49,44,46,0,42.13,86.5777777777777,2021-03-24,"new york city"
67,46,55.34,1.32,50.2,83.7142857142857,2021-03-25,"new york city"
82,52,60.03,0.03,47.68,70.0588235294117,2021-03-26,"new york city"
67,51,56.92,0,38.58,51.125,2021-03-27,"new york city"
58,46,52.59,0,47.68,83.9268292682926,2021-03-28,"new york city"
55,46,49.75,0.6,24,37.2083333333333,2021-03-29,"new york city"
58,42,50.25,0,31.96,51.6666666666666,2021-03-30,"new york city"
64,50,56.16,0,49.87,80.0322580645161,2021-03-31,"new york city"
57,40,46.9,0.38,34.73,65.3666666666666,2021-04-01,"new york city"
39,30,35.33,0.01,13.33,41.25,2021-04-02,"new york city"
54,34,42.83,0,12.33,31.0416666666666,2021-04-03,"new york city"
62,47,53.58,0,25.79,35.0833333333333,2021-04-04,"new york city"
67,49,57.29,0,23.29,29.0416666666666,2021-04-05,"new york city"
68,49,57.33,0,21.96,27.7083333333333,2021-04-06,"new york city"
71,51,58.04,0,32.96,39.9166666666666,2021-04-07,"new york city"
69,48,57.54,0,40.29,54.4166666666666,2021-04-08,"new york city"
56,49,50.97,0,43.23,75.1666666666666,2021-04-09,"new york city"
66,50,56.16,0,48.75,77,2021-04-10,"new york city"
56,47,52,0,49.51,91.1714285714285,2021-04-11,"new york city"
51,46,47.51,0.4,41.22,79.5135135135135,2021-04-12,"new york city"
64,45,52.92,0.55,39.04,61.8461538461538,2021-04-13,"new york city"
71,49,59.75,0,43.17,56.9166666666666,2021-04-14,"new york city"
60,47,51.41,0,46.43,83.2162162162162,2021-04-15,"new york city"
52,42,46.96,0.93,35.41,65.074074074074,2021-04-16,"new york city"
54,44,49.11,0.03,34.44,58.6666666666666,2021-04-17,"new york city"
62,50,55.25,0,37.5,52.125,2021-04-18,"new york city"
64,52,58.58,0,38.42,47.7916666666666,2021-04-19,"new york city"
75,53,63.13,0,40.25,45.375,2021-04-20,"new york city"
65,41,54.29,0,40.61,60.6428571428571,2021-04-21,"new york city"
48,38,43.04,0.27,17.46,36.625,2021-04-22,"new york city"
65,41,53.33,0,19.63,28.8333333333333,2021-04-23,"new york city"
70,54,61.17,0,29.08,30.5416666666666,2021-04-24,"new york city"
63,50,54.86,0.41,42.93,66.2413793103448,2021-04-25,"new york city"
60,43,51.92,0.09,23.58,35.5833333333333,2021-04-26,"new york city"
61,49,54.67,0,24.79,33.4166666666666,2021-04-27,"new york city"
82,51,62.2,0,46.88,59.12,2021-04-28,"new york city"
72,60,66.08,0.03,55.58,69.125,2021-04-29,"new york city"
72,49,62.92,0,41,46.6923076923076,2021-04-30,"new york city"
64,44,54.29,0.02,26.13,36.875,2021-05-01,"new york city"
83,59,67.96,0,37.46,33.7916666666666,2021-05-02,"new york city"
61,52,57.3,0,48.48,73.037037037037,2021-05-03,"new york city"
67,51,58.26,0.63,51.63,79.3947368421052,2021-05-04,"new york city"
61,51,54.28,0,49.62,84.5641025641025,2021-05-05,"new york city"
66,52,58.42,0.29,34.13,42.3333333333333,2021-05-06,"new york city"
62,51,56.58,0,35.04,44.875,2021-05-07,"new york city"
54,51,51.96,0,39.28,62.24,2021-05-08,"new york city"
63,48,53,0.04,40,63.9615384615384,2021-05-09,"new york city"
59,48,53.66,0.47,42.69,67.9655172413793,2021-05-10,"new york city"
67,52,59.08,0,32.35,39,2021-05-11,"new york city"
68,48,58,0,31.54,38,2021-05-12,"new york city"
70,54,62.29,0,30.46,31.5,2021-05-13,"new york city"
76,56,66.71,0,31,28.375,2021-05-14,"new york city"
76,58,68.21,0,33.29,28.7916666666666,2021-05-15,"new york city"
79,62,68.23,0,38.5,34.9615384615384,2021-05-16,"new york city"
77,59,68.46,0,41.63,39.3333333333333,2021-05-17,"new york city"
83,63,74.13,0,40.58,31.75,2021-05-18,"new york city"
86,66,75.25,0,44.83,35.4583333333333,2021-05-19,"new york city"
75,60,67,0,39.58,39.9166666666666,2021-05-20,"new york city"
76,61,68.33,0,44.71,43.9166666666666,2021-05-21,"new york city"
88,63,76.08,0,54.21,48.9583333333333,2021-05-22,"new york city"
87,70,78.88,0,58.04,49.5416666666666,2021-05-23,"new york city"
68,60,63.29,0,40.46,43.7083333333333,2021-05-24,"new york city"
71,60,65.29,0,48.96,55.8333333333333,2021-05-25,"new york city"
85,66,75.39,0,61.58,63.0322580645161,2021-05-26,"new york city"
83,68,73.73,0.08,53.5,53.1538461538461,2021-05-27,"new york city"
66,51,58.6,0,43.23,59.8333333333333,2021-05-28,"new york city"
52,48,50.27,1.28,44.12,79.5757575757575,2021-05-29,"new york city"
52,48,50.23,0.48,45.36,83.3846153846153,2021-05-30,"new york city"
70,50,57.9,0.67,46.84,68.6451612903225,2021-05-31,"new york city"
78,57,67.38,0,49.88,56.5416666666666,2021-06-01,"new york city"
75,63,67.83,0,52.04,57.2916666666666,2021-06-02,"new york city"
73,61,65.3,0,60.22,83.8648648648648,2021-06-03,"new york city"
78,64,71.06,0.31,63.66,77.8285714285714,2021-06-04,"new york city"
93,66,81.42,0.67,59.83,52.2083333333333,2021-06-05,"new york city"
94,77,86.2,0,60.56,42.84,2021-06-06,"new york city"
91,78,82.62,0,66.54,58.3461538461538,2021-06-07,"new york city"
91,72,78.61,0,68.58,72.5151515151515,2021-06-08,"new york city"
90,74,82.08,0.47,67.12,61.7307692307692,2021-06-09,"new york city"
80,66,75,0,54.67,50.2916666666666,2021-06-10,"new york city"
68,62,64.77,0,52.5,64.9230769230769,2021-06-11,"new york city"
69,64,65.81,0,55.54,69.9615384615384,2021-06-12,"new york city"
76,63,68.58,0,55.04,62.4583333333333,2021-06-13,"new york city"
74,66,68.57,0.02,61.14,77.4285714285714,2021-06-14,"new york city"
82,68,72.92,0.08,58.31,62.8461538461538,2021-06-15,"new york city"
76,64,70.58,0,45.08,42.7083333333333,2021-06-16,"new york city"
78,62,71.17,0,37.75,30.25,2021-06-17,"new york city"
85,67,76.75,0,48.42,38.125,2021-06-18,"new york city"
90,69,78,0.11,59.44,54.68,2021-06-19,"new york city"
87,69,78.76,0,62.32,57.4,2021-06-20,"new york city"
87,74,80.04,0,68.33,67.9259259259259,2021-06-21,"new york city"
80,62,70.35,0,60.42,71,2021-06-22,"new york city"
76,58,67.25,0.17,44.08,45.375,2021-06-23,"new york city"
78,63,69.79,0,50.13,51.25,2021-06-24,"new york city"
80,64,69.33,0,58.39,69.0909090909091,2021-06-25,"new york city"
84,69,76.43,0,67.3,73.9333333333333,2021-06-26,"new york city"
88,75,81.2,0,68.7,66.5333333333333,2021-06-27,"new york city"
95,77,85.58,0,68.58,57.5833333333333,2021-06-28,"new york city"
98,81,89.72,0,68.28,49.84,2021-06-29,"new york city"
100,75,88.16,0,67.58,53.0645161290322,2021-06-30,"new york city"
86,73,77.07,0.61,68.13,74.9666666666666,2021-07-01,"new york city"
78,63,73.26,0.81,65.81,NA,2021-07-02,"new york city"
66,61,63.16,0.93,57.07,80.7906976744186,2021-07-03,"new york city"
78,62,69.96,0.03,57.58,65.5384615384615,2021-07-04,"new york city"
83,67,74.54,0,63.54,69.8846153846153,2021-07-05,"new york city"
96,74,81.93,0,65.71,60,2021-07-06,"new york city"
95,74,84.84,0.21,68.48,59.6,2021-07-07,"new york city"
85,72,76.22,0,68.08,76.4444444444444,2021-07-08,"new york city"
89,72,76.15,2.15,68.33,77.9,2021-07-09,"new york city"
80,72,75.56,0.61,65.85,72.3333333333333,2021-07-10,"new york city"
81,73,75.74,0.06,66.97,74.5806451612903,2021-07-11,"new york city"
81,73,76.22,0.58,70.53,82.7,2021-07-12,"new york city"
73,69,71.26,0.03,66.5,84.8809523809523,2021-07-13,"new york city"
90,70,75.54,0,67.95,79.2702702702702,2021-07-14,"new york city"
91,76,82.46,0,67.83,61.75,2021-07-15,"new york city"
95,82,87.33,0,67.88,53.5,2021-07-16,"new york city"
91,77,83.12,0,70.19,65.6153846153846,2021-07-17,"new york city"
86,74,78.54,0.58,67.46,70.2142857142857,2021-07-18,"new york city"
82,71,76.2,0.03,63.48,65.4,2021-07-19,"new york city"
88,75,82.67,0.01,64.89,55.5925925925925,2021-07-20,"new york city"
83,72,77.72,0,63.03,60.8620689655172,2021-07-21,"new york city"
82,69,75.75,0.16,55.67,50.9583333333333,2021-07-22,"new york city"
83,70,76.21,0,53.21,45.375,2021-07-23,"new york city"
83,70,76.42,0,58.42,54.5833333333333,2021-07-24,"new york city"
83,69,77.81,0.42,65.65,66.8461538461538,2021-07-25,"new york city"
90,73,80.37,1.4,64.07,60.8333333333333,2021-07-26,"new york city"
90,74,82.69,0,59.31,46.076923076923,2021-07-27,"new york city"
82,71,75.84,0.2,62.08,63.28,2021-07-28,"new york city"
79,73,75.48,0,66.83,74.8620689655172,2021-07-29,"new york city"
84,70,76.75,0.26,57.04,52.875,2021-07-30,"new york city"
79,64,71.54,0,48.79,45.5416666666666,2021-07-31,"new york city"
77,68,72.88,0,58.48,61,2021-08-01,"new york city"
81,64,73.16,0.09,55.72,56.68,2021-08-02,"new york city"
79,68,73.42,0,52.5,48.625,2021-08-03,"new york city"
75,70,72.71,0,59.29,62.9166666666666,2021-08-04,"new york city"
81,69,73.5,0,62.23,68.1923076923077,2021-08-05,"new york city"
89,72,80.04,0,61.83,55.375,2021-08-06,"new york city"
87,75,80.71,0,61.17,52.25,2021-08-07,"new york city"
79,67,71,0.11,62.44,75.1025641025641,2021-08-08,"new york city"
78,71,74.34,0.23,67.34,78.8125,2021-08-09,"new york city"
84,73,77.53,0,68.92,75.0277777777777,2021-08-10,"new york city"
90,76,82.04,0.4,70.44,68.5925925925926,2021-08-11,"new york city"
97,77,86.7,0.07,67.56,54.5185185185185,2021-08-12,"new york city"
97,81,88.54,0,67,49.6666666666666,2021-08-13,"new york city"
90,78,85.08,0,65.29,51.4166666666666,2021-08-14,"new york city"
82,71,76.79,0,53.67,44.75,2021-08-15,"new york city"
81,71,75.58,0,58.71,56.0833333333333,2021-08-16,"new york city"
81,75,77.54,0,63.38,61.75,2021-08-17,"new york city"
84,76,79.06,0,70.75,75.65625,2021-08-18,"new york city"
89,77,81.59,0.29,70.59,70.5294117647058,2021-08-19,"new york city"
82,77,79.38,0,67,65.7692307692307,2021-08-20,"new york city"
83,75,78.23,0.09,70.44,77.4358974358974,2021-08-21,"new york city"
76,72,74.47,1.19,69.86,85.5833333333333,2021-08-22,"new york city"
85,73,76.91,2.94,69.25,77.75,2021-08-23,"new york city"
91,77,83.58,0.16,64.54,54.6666666666666,2021-08-24,"new york city"
93,75,84.67,0,65.17,53.625,2021-08-25,"new york city"
94,81,87.08,0,69,55.32,2021-08-26,"new york city"
92,77,84.1,0,70.1,63.7419354838709,2021-08-27,"new york city"
82,69,74.61,1.34,66.19,75.3225806451613,2021-08-28,"new york city"
76,68,71.76,0,65.28,80.2068965517241,2021-08-29,"new york city"
86,74,79.75,0,66.75,67.5714285714285,2021-08-30,"new york city"
86,76,81.25,0,65.21,59.9166666666666,2021-08-31,"new york city"
81,64,70.88,0.03,60.1,74.6666666666666,2021-09-01,"new york city"
77,63,68.76,6.86,55.45,65.2413793103448,2021-09-02,"new york city"
76,62,68.96,0,53.71,58.9583333333333,2021-09-03,"new york city"
80,65,72.36,0,56.52,58.56,2021-09-04,"new york city"
76,69,72.89,0,64.89,76.1851851851851,2021-09-05,"new york city"
84,72,76.54,0.05,61.54,63.3461538461538,2021-09-06,"new york city"
83,68,74.71,0,57.71,56.5833333333333,2021-09-07,"new york city"
84,73,77.38,0,67.67,72.4583333333333,2021-09-08,"new york city"
77,68,71.31,0.16,61.29,75.6857142857142,2021-09-09,"new york city"
76,66,70.75,0.13,51.79,52.7083333333333,2021-09-10,"new york city"
79,65,72.46,0,49.54,45,2021-09-11,"new york city"
85,69,76.75,0,59.83,56.375,2021-09-12,"new york city"
86,72,79.33,0,62.44,56.6296296296296,2021-09-13,"new york city"
80,71,74.71,0.03,63.36,68.4642857142857,2021-09-14,"new york city"
88,73,79.38,0,68.04,69.3333333333333,2021-09-15,"new york city"
77,73,74.04,0,63.67,70.1111111111111,2021-09-16,"new york city"
75,70,72.66,0,66.66,81.4473684210526,2021-09-17,"new york city"
85,70,76.47,0,64.5,68.0333333333333,2021-09-18,"new york city"
77,67,72.33,0,52.58,51.0416666666666,2021-09-19,"new york city"
75,65,69.88,0,55.71,61.125,2021-09-20,"new york city"
76,64,70.97,0,60.81,70.6451612903225,2021-09-21,"new york city"
80,72,74.94,0.01,68.06,79.4516129032258,2021-09-22,"new york city"
83,66,75,0,66.5,75.375,2021-09-23,"new york city"
76,60,67.54,1.38,51.19,59.2692307692307,2021-09-24,"new york city"
76,63,69.67,0,51.13,52.8333333333333,2021-09-25,"new york city"
74,64,69.25,0,46.75,46.125,2021-09-26,"new york city"
81,65,72.88,0,46.54,39.5,2021-09-27,"new york city"
74,65,70.35,0,56.96,62.8846153846153,2021-09-28,"new york city"
70,57,63.67,0.1,42.63,47.0833333333333,2021-09-29,"new york city"
67,59,62.71,0,44.38,51.6666666666666,2021-09-30,"new york city"
69,54,62.08,0,42.67,50.2916666666666,2021-10-01,"new york city"
77,59,68.63,0,48.21,48.9166666666666,2021-10-02,"new york city"
80,63,71.96,0,57.17,61.5,2021-10-03,"new york city"
74,63,68.49,0.05,63.4,83.9714285714285,2021-10-04,"new york city"
65,61,62.97,0.06,56.03,78.0666666666666,2021-10-05,"new york city"
70,62,66,0,55.93,70.4827586206896,2021-10-06,"new york city"
76,64,69.04,0,58.76,70.84,2021-10-07,"new york city"
75,65,69.33,0,59.42,71.0416666666666,2021-10-08,"new york city"
70,62,65,0,55.3,71.037037037037,2021-10-09,"new york city"
68,64,65.18,0,59.26,81.1176470588235,2021-10-10,"new york city"
73,64,67.52,0.11,57.32,NA,2021-10-11,"new york city"
70,63,66.22,0,57.56,73.78125,2021-10-12,"new york city"
70,65,68.06,0,59.44,74,2021-10-13,"new york city"
79,66,71.46,0,58.21,64.2916666666666,2021-10-14,"new york city"
82,67,72.67,0,58.75,62.7916666666666,2021-10-15,"new york city"
76,61,69.54,0,58.73,68.6153846153846,2021-10-16,"new york city"
64,56,59.12,0.16,43.76,57.52,2021-10-17,"new york city"
61,52,55.33,0.01,38.88,54.2083333333333,2021-10-18,"new york city"
68,51,59.88,0,37.71,45.625,2021-10-19,"new york city"
80,60,69.38,0,44.58,41.7916666666666,2021-10-20,"new york city"
77,62,69.08,0,50.28,52.44,2021-10-21,"new york city"
71,60,66.38,0,49.5,55.0416666666666,2021-10-22,"new york city"
61,52,56.42,0,41.38,57.3333333333333,2021-10-23,"new york city"
61,51,56.13,0,40.67,56.9166666666666,2021-10-24,"new york city"
74,58,66.65,0.05,59.95,79.3513513513513,2021-10-25,"new york city"
63,57,60.63,1.74,56.02,85.1372549019607,2021-10-26,"new york city"
62,56,58.29,1.26,47.29,67.5714285714285,2021-10-27,"new york city"
59,51,54.75,0,41.68,61.5714285714285,2021-10-28,"new york city"
58,49,54.41,0,43.84,67.9189189189189,2021-10-29,"new york city"
67,55,60.15,0.48,53.55,79.6666666666666,2021-10-30,"new york city"
66,57,61.14,0.08,50.66,69.7931034482758,2021-10-31,"new york city"
